id,feedback
1,I love the new office environment!
2,The recent changes have made my job very difficult.
3,I'm indifferent about the new policies.
4,The management team is very supportive.
5,The new project guidelines are confusing and unclear.
6,I'm very happy with my current job role and responsibilities.
7,The work-life balance has improved significantly.
8,I'm dissatisfied with the lack of career growth opportunities.
9,The team collaboration has been amazing lately.
10,I find the new software tools cumbersome to use.
11,The company culture is inclusive and welcoming.
12,I feel overworked and underappreciated.
13,The benefits package is the best I've ever had.
14,Communication between departments needs improvement.
15,The training programs are very helpful.
16,I enjoy the flexible working hours.
17,The recent layoffs have affected team morale.
18,I appreciate the recognition programs in place.
19,The office amenities are fantastic.
20,I feel there is a lack of transparency from the leadership.
21,The new health benefits are very comprehensive.
22,The constant changes in management are disruptive.
23,I'm pleased with the career development opportunities.
24,The company values align with my personal values.
25,The new performance review process is fair and effective.
26,I struggle with the current workload.
27,The mentorship program has been very beneficial.
28,I dislike the open office layout; it's too noisy.
29,The recent product launch was well executed.
30,I feel my feedback is not taken seriously.
31,The remote work policy is very accommodating.
32,The onboarding process was smooth and informative.
33,I feel micromanaged by my supervisor.
34,The quarterly team-building activities are enjoyable.
35,The current project deadlines are unrealistic.
36,The work environment is very collaborative.
37,There are limited opportunities for advancement.
38,I appreciate the continuous learning opportunities.
39,The office location is very convenient.
40,The pay scale is not competitive with industry standards.
41,The diversity initiatives are commendable.
42,The customer feedback is rarely considered.
43,I'm proud to be part of this company.
44,The internal communication could be improved.
45,The new project management software is very efficient.